name,park,type,design,status,opened
100% Wolf,Plopsaland Deutschland,Steel,Sit Down,Operating,2026-03-22
7 Stars Coaster,Gravity Park,Steel,Sit Down,Operating,2026-07
Amerikanski Gorki,Samonids Recreation Park,Steel,Sit Down,Operating,2026
Angry Octo,Boudewijn Seapark,Steel,Sit Down,Operating,2026-09-26
Ashara: Goddess of Fire,BON Luxury Theme Park,Steel,Sit Down,Under Construction,2026
Barnyard Stampede,Schnepf Farms,Steel,Sit Down,Under Construction,2026-10
Barnyard Whirl,Pleasurewood Hills,Steel,Sit Down,Operating,2026-05-23
Barracuda Strike,SeaWorld San Antonio,Steel,Inverted,Operating,2026-03-07
Barrels O' Fun,Six Flags Great Adventure,Steel,Sit Down,Operating,2026-07-08
B.Duck Be Playful,B.Duck City Funs,Steel,Sit Down,Operating,2026
Beerenrausch,Hofis Erlebnispark,Steel,Sit Down,Operating,2026-05-01
Bettys Beerchen Boomerang,Karls Erlebnis-Dorf Döbeln,Steel,Sit Down,Operating,2026-07-04
Bettys Beerchen Boomerang,Karls Erlebnis-Dorf Elstal,Steel,Sit Down,Under Construction,2026-10-17
Bluey the Ride: Here come the grannies!,Alton Towers,Steel,Sit Down,Operating,2026-03-28
Bolt,Skytropolis Indoor Theme Park,Steel,Sit Down,Operating,2026-03-19
Boomerang,Family Park Skazka,Steel,Sit Down,Operating,2026-06-29
Caterpillar,Barry Island Pleasure Park,Steel,Sit Down,Operating,2026-04-03
Chase's Mountain Mission,Chessington World of Adventures,Steel,Sit Down,Operating,2026-05-03
Chenille,LennyPark,Steel,Sit Down,Operating,2026-04-18
Chicken Coop,Torres Farm Hotel & Resort,Steel,Sit Down,Operating,2026-01
Chicken Coop,Donghu Parent Child Paradise,Steel,Sit Down,Operating,2026
Circus Roller Coaster,Chimelong Paradise,Steel,Sit Down,Operating,2026-09-30
Cloud Shuttle,Fantawild Land,Steel,Sit Down,Operating,2026-06-17
Coaster,CJ Barrymore's Family Entertainment Center,Steel,Sit Down,Operating,2026-07-03
Coaster Loop,EuroPark Milano Idroscalo,Steel,Sit Down,Operating,2026-05-03
Cornwall Coaster,Hansa-Park,Steel,Sit Down,Operating,2026-05-23
Cupid Roller Coaster,Beijing Shijingshan Amusement Park,Steel,Sit Down,Operating,2026-08-19
Delia's Adventure,BON Luxury Theme Park,Steel,Inverted,Under Construction,2026
Die wilde Banane,Funny-World,Steel,Sit Down,Operating,2026
Dolphin Glide,Zhongshan Park,Steel,Sit Down,Operating,2026-05
Dønnervind,Freizeitpark Plohn,Steel,Sit Down,Operating,2026-06-20
Dragon,Global City Dammam,Steel,Sit Down,Under Construction,2026
Dragon,Walton Pier,Steel,Sit Down,Operating,2026
Dragon,Cody Park,Steel,Sit Down,Operating,2026-05-22
Dragon,Parken Zoo,Steel,Sit Down,Operating,2026
Dragon Coaster,Paradisland,Steel,Sit Down,Under Construction,2026
Dragon Run,Oasis at Lakeport,Steel,Suspended,Under Construction,2026
Drakon,Paultons Park,Steel,Sit Down,Operating,2026-05-16
Dream Grand PrIx,Dream Island,Steel,Sit Down,Operating,2026-02
Elfercoaster,Elferbahnen,Steel,Sit Down,Operating,2026-07-08
Engine of the Future,Sky Park Baytik,Steel,Sit Down,Operating,2026
Erdbeer-Raupenbahn,Karls Erlebnis-Dorf Oberhausen,Steel,Sit Down,Operating,2026-07-22
Erdbeer Raupenbahn,Karls PopUp Festival Wernigerode,Steel,Sit Down,Operating,2026-05-19
Falcon Fly,Kotor Cable Car,Steel,Suspended,Operating,2026-07-03
Family Coaster,Pleasurewood Hills,Steel,Sit Down,Operating,2026-03-28
Family Coaster Crazy Clown,Fantasy Island,Steel,Sit Down,Operating,2026
Family Roller Coaster,Nansha Gengshan Village,Steel,Sit Down,Operating,2026
Family Roller Coaster,Ocean Beach Pleasure Park,Steel,Sit Down,Operating,2026
Fast & Furious: Hollywood Drift,Universal Studios Hollywood,Steel,Sit Down,Operating,2026-09-16
Fireline Redwood,Fraispertuis City,Steel,Sit Down,Operating,2026-07-04
Flying Fox,Kentucky Kingdom,Steel,Suspended,Operating,2026-05-28
Forest Coaster,SEVEN Abha,Steel,Sit Down,Operating,2026-08-05
Forest Coaster,SEVEN Tabuk,Steel,Sit Down,Operating,2026-08-16
Fruit Worm Coaster,Heshan Park,Steel,Sit Down,Operating,2026
Funti's Flitz Blitz,Familienpark Funtastico,Steel,Sit Down,Operating,2026-06
Furnace Rush,Grand Canal Hangzhou Steel Park,Steel,Sit Down,Operating,2026-02-10
Galacticoaster,Legoland Florida,Steel,Sit Down,Operating,2026-02-27
Galacticoaster,Legoland California,Steel,Sit Down,Operating,2026-03-06
Galaxy Express,Yinshang Legend,Steel,Sit Down,Operating,2026-07-18
Garuda Glide,Wonderla Amusement Park Bangalore,Steel,Inverted,Operating,2026-04-20
Giant Revolution,Lotte World Adventure Busan - Magic Forest,Steel,Sit Down,Under Construction,2026
GJ Mining Co.,Drouwenerzand Attractiepark,Steel,Sit Down,Operating,2026-04-11
Gold Mine Coaster,Chimelong Qingyuan International Forest Resort,Steel,Sit Down,Operating,2026-07-11
Gold Mine Train,Au Paradis des Enfants,Steel,Sit Down,Operating,2026
Gold Rush,Palace Playland,Steel,Sit Down,Operating,2026
Gozimba,Serengeti-Park,Steel,Inverted,Under Construction,2026
Gravity Coaster,Mega Science Center,Steel,Sit Down,Under Construction,2026-08
Grouse Gravity Coaster,Grouse Mountain,Steel,Sit Down,Operating,2026-05-20
Heart of Moscow,Family Park Skazka,Steel,Sit Down,Under Construction,2026
Holiday Train,Salt Lake Happy World,Steel,Sit Down,Operating,2026-05-01
Horská Dráha Dinopark,Funpark Bešeňová,Steel,Sit Down,Operating,2026-06-27
Hot Wheels Boneshaker: The Ultimate Ride,Mattel Adventure Park,Steel,Sit Down,Under Construction,2026
Hot Wheels Twin Mill Racer,Mattel Adventure Park,Steel,Sit Down,Under Construction,2026
Izari's Flight,BON Luxury Theme Park,Steel,Sit Down,Under Construction,2026
Jetloop,Juegos del Parque Rodó,Steel,Sit Down,Operating,2026-04
Joy Ride Coaster,Children's Park,Steel,Sit Down,Operating,2026
Jungle Coaster,Xiapu Binjiang Park,Steel,Sit Down,Operating,2026-01
Jungle Flying Squirrel,Heshan Park,Steel,Sit Down,Operating,2026
Jungle Racing,Happy Valley,Steel,Sit Down,Operating,2026-03-28
Jurassic World: Cretaceous Coaster,Universal Kids Resort,Steel,Sit Down,Operating,2026-07-01
Katta-Kutter Panorama,Panorama Park Sauerland,Steel,Sit Down,Operating,2026-03-28
KidsBlitz,LandErlebnis Janßen,Steel,Sit Down,Operating,2026-05-09
Kikker8baan,Duinrell,Steel,Sit Down,Operating,2026-04-03
Kleine Ente,Spielzeug Erlebniswelt,Steel,Sit Down,Operating,2026
Klompi,Holland-Park,Steel,Sit Down,Operating,2026-03-25
Knollis Mais Express,Karls Erlebnis-Dorf Oberhausen,Steel,Sit Down,Operating,2026-07-22
Konect,Särkänniemi Amusement Park,Steel,Sit Down,Operating,2026-05-01
Kyûbi Unchained,Parc Spirou Provence,Steel,Sit Down,Operating,2026-04-04
Lenis Beeren Flitzer,Lehner Beeren Erlebnisgarten,Steel,Sit Down,Operating,2026
Lil'Leaper,Coolspring Ranch,Steel,Sit Down,Under Construction,2026
Lookout Mountain Safari,Lake Winnepesaukah,Steel,Sit Down,Under Construction,2026
Loop Coaster,Swampy Jack's Wongo Adventure,Steel,Sit Down,Under Construction,2026
Loren Flitzer,Märchen-Erlebnispark Marquartstein,Steel,Sit Down,Operating,2026
LT Duck,Hai Bei Park,Steel,Sit Down,Operating,2026
Luge des Bois,Clusaz,Steel,Sit Down,Operating,2026-03-25
Mad Mouse,Sky Park Baytik,Steel,Sit Down,Operating,2026-06-01
Mad Racers,Fantasy Valley,Wood,Sit Down,Under Construction,2026
Mad Ramp Peak,Genting SkyWorlds,Steel,Sit Down,Under Construction,2026
Magic Mouse,Brean Theme Park,Steel,Sit Down,Operating,2026-07
Magic Racer,Salt Lake Happy World,Steel,Sit Down,Operating,2026-05-01
Mammoth,Fun Plex,Steel,Sit Down,Operating,2026-06-12
Matzes Fahrschule,Vogelpark Heiligenkirchen,Steel,Sit Down,Operating,2026-07-25
Maui’s Peak,Tier- und Freizeitpark Thüle,Steel,Sit Down,Operating,2026-07-11
Mine Car,Jiufeng Park,Steel,Sit Down,Operating,2026
Mini Coaster,Ranch Ciater,Steel,Sit Down,Operating,2026
Minifigure Speedway,Legoland Billund,Steel,Sit Down,Operating,2026-03-28
Mini Montanha Hilda,Parque Capivari,Steel,Sit Down,Operating,2026-06-06
Missie 18,De Waarbeek,Steel,Sit Down,Operating,2026-03-28
Monster Hunting Adventure,China Hiin City,Steel,Inverted,Operating,2026-01-01
Mountain Mayhem Fun Coaster,Massanutten Family Adventure Park,Steel,Sit Down,Operating,2026-06-30
Mouse Coaster,Fabrikus World,Steel,Sit Down,Operating,2026-04-19
Nautilus,Zoomarine,Steel,Sit Down,Operating,2026-03-12
Nessi,Gateway Resort,Steel,Sit Down,Under Construction,2026
NightFlight Expedition,Dollywood,Steel,Sit Down,Operating,2026-08-19
Oceanarium,Mario's Center,Steel,Sit Down,Operating,2026
Oyster Coaster,Mikutopia,Steel,Sit Down,Operating,2026-03-14
Palindrome,Cotaland,Steel,Sit Down,Operating,2026-09-26
Passion Speed,Salt Lake Happy World,Steel,Inverted,Operating,2026-05-01
Patriot’s Run,Jenkinson's Boardwalk,Steel,Sit Down,Operating,2026-05-30
Paul Bunyan's Log Haul,Enchanted Forest Water Safari,Steel,Sit Down,Operating,2026
Pink Clouds,Park Minnyy Gorodok,Steel,Sit Down,Operating,2026-06-06
Piratenflitzer,Wild & Freizeitpark Ferleiten,Steel,Sit Down,Operating,2026
Pohjolan Express,Tykkimäki,Steel,Sit Down,Operating,2026-06-13
Pony Express,Vala's Pumpkin Patch,Steel,Sit Down,Operating,2026-09-04
PressPick Duck Post Office,Yinchuan Xinhua Lian Shopping Centre Amusement Park,Steel,Sit Down,Operating,2026
Puppy Coaster,Yinshang Legend,Steel,Sit Down,Operating,2026-07-18
Puppy Coaster,Fantawild Land,Steel,Sit Down,Operating,2026-06-17
Quantum Accelerator,Six Flags New England,Steel,Sit Down,Operating,2026-04-17
Rainbow Coaster,Toy Kingdom,Steel,Sit Down,Operating,2026-04-27
Reversum,Leolandia,Steel,Sit Down,Operating,2026-04-25
Rhonda's Trollfest Express,Universal Kids Resort,Steel,Sit Down,Operating,2026-07-01
Roller Coaster,Tianjin Shuishang Park,Steel,Sit Down,Operating,2026
Roller Coaster,Loc de joacă,Steel,Sit Down,Operating,2026-04
Russian Slides,Lunapark Volgograd,Steel,Sit Down,Operating,2026-03-14
Salamandra Alpine Coaster,Szczyrk Mountain Resort,Steel,Sit Down,Operating,2026-07-11
Screaming Centipede,Tom Foolerys Adventure Park,Steel,Sit Down,Under Construction,2026
Shimeji,Mikutopia,Steel,Sit Down,Operating,2026-03-14
Shootout,Oasis at Lakeport,Steel,Sit Down,Under Construction,2026
Shuttle,Fengling Children's Park,Steel,Sit Down,Operating,2026
Skyloop,Nicco Park,Steel,Sit Down,Operating,2026-05
Sky Racer,Happy Valley,Steel,Sit Down,Operating,2026
Skyrush,Suôí Tiên Park,Steel,Sit Down,Under Construction,2026
Slimáčia Horská Dráha,Funpark Bešeňová,Steel,Sit Down,Operating,2026-06-27
Soaring Hero Coaster,Nanchong Panda Three Kingdoms City,Steel,Sit Down,Operating,2026-02-11
Speedblaze,Dream Island,Steel,Sit Down,Operating,2026-08-01
Speed Cars,Dream World,Steel,Sit Down,Operating,2026
Speed Coaster,Erlebnisberg Altenberg,Steel,Sit Down,Under Construction,2026
Speed of Light,BON Luxury Theme Park,Steel,Suspended,Under Construction,2026
Speedway Stunt Coaster,Six Flags Mexico,Steel,Sit Down,Operating,2026-01-31
Speedy Coaster,Fééryland,Steel,Sit Down,Operating,2026-05-01
Speedy Dog,Denain Évasion,Steel,Sit Down,Operating,2026-07-18
Speedy Mouse,Cavallino Matto,Steel,Sit Down,Operating,2026
Spinning Coaster,Curry's Fun Park Portrush,Steel,Sit Down,Operating,2026-05-09
Spinning Coaster,Só Marcas Outlet Guarulhos,Steel,Sit Down,Operating,2026-03-03
Spinning Coaster,Frankie's Fun Park,Steel,Sit Down,Under Construction,2026
Spinning Coaster,Thrillz,Steel,Sit Down,Operating,2026-07-22
Spinning Racer,Lightwater Valley,Steel,Sit Down,Operating,2026-04-03
Stone Express,Lotte World Adventure,Steel,Sit Down,Operating,2026-04-03
Super Wings,Beijing International Sculpture Park,Steel,Sit Down,Operating,2026-08-30
Suspended Roller Coaster,Altai Amusement Park,Steel,Inverted,Operating,2026
Szymek Coaster,Zatorland,Steel,Sit Down,Operating,2026
Tattoo Infinity Coaster,Parc d'Attractions Marseillan-Plage,Steel,Sit Down,Operating,2026
Tecuani Beast,BON Luxury Theme Park,Steel,Sit Down,Under Construction,2026
Tidal Wave Spinning Coaster,Adventure Island,Steel,Sit Down,Operating,2026
Tilt of Thunder,VinWonders,Steel,Sit Down,Operating,2026-07-10
Titan,Walygator Sud-Ouest,Steel,Sit Down,Operating,2026-09-12
Tobogán de Panticosa,Tobogán de Panticosa,Steel,Sit Down,Under Construction,2026
Toca do Cruel,Vila dos Smurfs Park,Steel,Sit Down,Operating,2026-07-31
Tormenta Rampaging Run,Six Flags Over Texas,Steel,Sit Down,Operating,2026-07-09
Tornado,Park Minnyy Gorodok,Steel,Sit Down,Operating,2026-06
Train de la Mine,Denain Évasion,Steel,Sit Down,Operating,2026-07-18
Train de la Mine,Cyndra Parc,Steel,Sit Down,Operating,2026
Transformers,SEVEN Yanbu,Steel,Sit Down,Under Construction,2026
Treasure Mine,Dream Island,Steel,Sit Down,Operating,2026-08-01
Tribal Twist,Yinshang Legend,Steel,Inverted,Operating,2026-07-18
Tumbleweed Stampede,Cotaland,Steel,Sit Down,Under Construction,2026
Tumbling Motorcycle,Ran Fun Sport Park,Steel,Sit Down,Operating,2026-02
Turbo Dino,Fantawild Land,Steel,Sit Down,Operating,2026-06-17
Turbo Twister,Seekonk Grand Prix,Steel,Sit Down,Operating,2026-06-13
Twist-N-Shout,Maui's Indoor Theme Park,Steel,Sit Down,Operating,2026
Valkyrie,Festyland,Steel,Sit Down,Operating,2026-04-04
Valtor,Mandoria,Steel,Sit Down,Operating,2026-07-10
V-Coaster,Vaunce Universe,Steel,Sit Down,Operating,2026-07-02
Vermilion Roller Coaster,Smile Park,Steel,Sit Down,Operating,2026-01
Vesmír,Fantázia Liptov Park,Steel,Sit Down,Under Construction,2026
Vortex,Family Park Skazka,Steel,Sit Down,Operating,2026-07-15
Way of the Dragon,Family Park Skazka,Steel,Inverted,Operating,2026
Whale Kart,Jangsaengpo Whale Museum,Steel,Sit Down,Operating,2026-06-04
Wilde Hilde,Freizeit-Land Geiselwind,Steel,Sit Down,Operating,2026-08-02
Willys Coaster,Ranch Ciater,Steel,Sit Down,Operating,2026
Wings of Whirlpool Roller Coaster,Ocean Park,Steel,Sit Down,Operating,2026-09-21
Woodland Pedal Coaster,Rope & Oak - Children's Nature Park,Steel,Sit Down,Operating,2026-05-27
Wormster,Canpol Wonderland,Steel,Sit Down,Operating,2026-05-01
Wriggler,Gulliver's Land Resort,Steel,Sit Down,Operating,2026-02-13
W Roller Coaster,Chimelong Paradise,Steel,Sit Down,Under Construction,2026
Zac Spin Coaster,Silk Road Paradise,Steel,Wing,Operating,2026-05-30
unknown,Taihu Lake Longemont Paradise,Steel,Sit Down,Under Construction,2026
unknown,Taihu Lake Longemont Paradise,Steel,Sit Down,Under Construction,2026
unknown,Taihu Lake Longemont Paradise,Steel,Sit Down,Under Construction,2026
unknown,Taihu Lake Longemont Paradise,Steel,Inverted,Under Construction,2026
unknown,Taihu Lake Longemont Paradise,Steel,Sit Down,Under Construction,2026
unknown,Taihu Lake Longemont Paradise,Steel,Sit Down,Under Construction,2026
unknown,Fantawild,Steel,Sit Down,Under Construction,2026
unknown,Taihu Lake Longemont Paradise,Steel,Sit Down,Under Construction,2026
unknown,Happy Time Theme Park,Steel,Sit Down,Under Construction,2026
unknown,Chocolate Kingdom,Steel,Sit Down,Under Construction,2026
unknown,Legoland Shenzhen,Steel,Inverted,Under Construction,2026
unknown,Legoland Shenzhen,Steel,Sit Down,Under Construction,2026
unknown,Legoland Shenzhen,Steel,Sit Down,Under Construction,2026
unknown,Boonie Bears,Steel,Sit Down,Under Construction,2026
unknown,Boonie Bears,Steel,Sit Down,Under Construction,2026
unknown,Panda Paradise - Panda Planet,Steel,Inverted,Operating,2026-01-17
unknown,Moku Sphere,Steel,Sit Down,Under Construction,2026
unknown,Panda Paradise - Panda Planet,Steel,Sit Down,Operating,2026-01-17
unknown,4D Farm,Steel,Sit Down,Under Construction,2026
unknown,MJ Fun City Waterpark and Resort,Steel,Sit Down,Under Construction,2026
unknown,J Castles,Steel,Sit Down,Under Construction,2026
unknown,Nanchong Panda Three Kingdoms City,Steel,Sit Down,Operating,2026-02-11
unknown,Situ Town,Steel,Sit Down,Operating,2026-05
unknown,Sheikh Zayed Festival,Steel,Sit Down,Under Construction,2026
unknown,Sheikh Zayed Festival,Steel,Sit Down,Under Construction,2026
unknown,Baghdad Island,Steel,Sit Down,Under Construction,2026
unknown,Legoland Shenzhen,Steel,Wing,Under Construction,2026
unknown,VGP Universal Kingdom,Steel,Sit Down,Under Construction,2026
unknown,Parque de la Naturaleza de Cabárceno,Steel,Sit Down,Under Construction,2026
unknown,Elefantenreservat und Erlebnispark Starkenberg,Steel,Sit Down,Under Construction,2026
unknown,Moku Sphere,Steel,Sit Down,Under Construction,2026
unknown,Sould Park Málaga,Steel,Sit Down,Under Construction,2026
unknown,Sould Park Málaga,Steel,Suspended,Under Construction,2026
unknown,Chaozhou Railway Park,Steel,Sit Down,Operating,2026
unknown,Nansha Gengshan Village,Steel,Sit Down,Operating,2026
unknown,Eifeltor Erlebnispark,Steel,Sit Down,Under Construction,2026
unknown,Cola Kingdom,Steel,Sit Down,Operating,2026
unknown,Mega Science Center,Steel,Sit Down,In Storage,2026
unknown,Bishkek Park,Steel,Sit Down,Under Construction,2026
unknown,SEVEN Al Hamra,Steel,Sit Down,Under Construction,2026
unknown,Xuzhou Yunlong Lake,Steel,Sit Down,Operating,2026
unknown,Panfilov Park,Steel,Sit Down,Operating,2026
unknown,Bishkek Park,Steel,Sit Down,Under Construction,2026
unknown,Pushkin Park,Steel,Sit Down,Operating,2026
unknown,Park Vatanparvar,Steel,Sit Down,Operating,2026-07-15
unknown,Moku Sphere,Steel,Sit Down,Under Construction,2026
unknown,Moku Sphere,Steel,Sit Down,Under Construction,2026
unknown,Xinghai Square,Steel,Sit Down,Operating,2026
unknown,Red Stone Forest Scenic Spot,Steel,Sit Down,Operating,2026
unknown,Sommerrodelbahn Willingen,Steel,Sit Down,Under Construction,2026-12
unknown,Salitre Magico,Steel,Sit Down,Under Construction,2026-12
unknown,Action City Fun Center,Steel,Sit Down,Under Construction,2026
unknown,Altai Amusement Park,Steel,Sit Down,Operating,2026
unknown,HotZone,Steel,Sit Down,Under Construction,2026
unknown,Zhongnan Baicao Field,Steel,Sit Down,Operating,2026-09-08
unknown,Donghu Parent Child Paradise,Steel,Sit Down,Operating,2026
unknown,Martock,Steel,Sit Down,Under Construction,2026-12-21
